post_id,post_date,is_published,email_sent_at,inbox_sent_at,type,audience,title,subtitle,podcast_url
180457610.the-axiocracy-sequence,2025-12-02T15:43:03.565Z,true,,,newsletter,everyone,The Axiocracy Sequence,From Coercion to Coordination,
180427300.the-viability-criterion,2025-12-01T18:00:56.917Z,true,,,newsletter,everyone,The Viability Criterion,Assessing preference structures under selection pressure,
180411867.the-value-sequence,2025-12-01T15:43:47.275Z,true,,,newsletter,everyone,The Value Sequence,From Agency to Ethics,
180343052.the-axio-index,2025-11-30T20:05:56.089Z,true,,,newsletter,everyone,The Axio Index,From Chaos to Agency to Civilization,
180340867.the-metagame-sequence,2025-11-30T19:46:09.055Z,true,,,newsletter,everyone,The Metagame Sequence,From Finite Games to Infinite Metagames,
180339872.the-quantum-metagame,2025-11-30T19:29:16.272Z,true,,,newsletter,everyone,The Quantum Metagame,Persistence Across Branches as the Deep Structure of Reality,
180334193.tool-bias,2025-11-30T18:09:49.690Z,true,,,newsletter,everyone,Tool Bias,Why Strong Models Perform Poorly on Weak Evidence,
180330920.integrating-meaningness,2025-11-30T17:32:37.888Z,true,,,newsletter,everyone,Integrating Meaningness,"A Dual-Aspect Model of Meaning, Value, and Viable Futures",
180208315.above-the-law,2025-11-28T21:33:14.267Z,true,,,newsletter,everyone,Above The Law,"Power, Impunity, and the Limits of Legal Order",
180199129.the-metagame-of-patterns,2025-11-28T18:55:48.005Z,true,,,newsletter,everyone,The Metagame of Patterns,"Why Patterns, Not People, Are the Real Units of Selection",
180188906.the-pathologies-of-misaligned-incentives,2025-11-28T16:29:28.081Z,true,,,newsletter,everyone,The Pathologies of Misaligned Incentives,Why Systems Fail Even When People Don’t,
180128433.the-future-is-extropian,2025-11-27T20:28:32.323Z,true,,,newsletter,everyone,The Future Is Extropian,How a Transhumanist Mailing List Prototyped the 21st Century,
180112715.the-empathy-exploit,2025-11-27T15:32:05.529Z,true,,,newsletter,everyone,The Empathy Exploit,How High-Trust Minds Become the Soft Targets of Opaque Totalitarianism,
180058480.the-metagame-of-incentives,2025-11-26T21:07:45.105Z,true,,,newsletter,everyone,The Metagame of Incentives,How to See the Game Behind the Game,
180046178.agency-conservation,2025-11-26T18:31:42.034Z,true,,,newsletter,everyone,Agency Conservation,Why Debts Must Be Paid ,
180036525.the-infantilization-reflex,2025-11-26T16:38:28.320Z,true,,,newsletter,everyone,The Infantilization Reflex,How Modern Culture Selectively Revokes Female Agency,
180026930.the-ultimate-metagame,2025-11-26T14:46:50.323Z,true,,,newsletter,everyone,The Ultimate Metagame,The Architecture That Makes Meaning Possible,
179971939.defending-geb,2025-11-25T22:55:03.491Z,true,,,newsletter,everyone,Defending GEB,"Why Gödel, Escher, Bach Still Shapes System Builders",
179967878.games-and-metagames,2025-11-25T22:10:57.311Z,true,,,newsletter,everyone,Games and Metagames,Seeing the Hidden Structure Behind Every Choice,
179943509.not-up-for-debate,2025-11-25T17:46:23.494Z,true,,,newsletter,everyone,Not Up For Debate,Why Shielding Policies From Scrutiny Leads to Force,
179922989.jaggedness-and-agency,2025-11-25T14:24:25.096Z,true,,,newsletter,everyone,Jaggedness and Agency,Why Both Sides of the AI Debate Are Asking the Wrong Question,
179826744.secular-sacredness,2025-11-24T15:31:42.215Z,true,,,newsletter,everyone,Secular Sacredness,Three Naturalistic Accounts ,
179761268.the-agi-torment-nexus,2025-11-23T22:07:58.958Z,true,,,newsletter,everyone,The AGI Torment Nexus,Cassandra’s Curse in the Age of Machines,
179741669.the-catastrophe-mindset,2025-11-23T17:53:13.796Z,true,,,newsletter,everyone,The Catastrophe Mindset,How Doom Narratives Manufacture Extremists,
179726756.the-shadow-war,2025-11-23T15:38:26.599Z,true,,,newsletter,everyone,The Shadow War,Interpreting the Philosophy of Babylon 5,
179677934.the-politics-of-envy,2025-11-22T21:52:08.032Z,true,,,newsletter,everyone,The Politics of Envy, Why Relative Resentment Can’t Ground a Coherent Ethics,
179658938.patterns-inside-the-storm,,false,,,newsletter,everyone,,,
179594796.the-colonization-of-engineering,2025-11-21T21:13:48.339Z,true,,,newsletter,everyone,The Colonization of Engineering, How Ideology Displaces Method in the Name of Decolonization,
179585057.the-agency-criterion,2025-11-21T19:22:14.304Z,true,,,newsletter,everyone,The Agency Criterion, Separating real intelligence from pattern-generation,
179578628.the-nuclear-counterfactual,2025-11-21T18:01:25.423Z,true,,,newsletter,everyone,The Nuclear Counterfactual,The real cost of incoherent energy policy,
179387335.the-quantum-sequence,2025-11-19T19:40:33.093Z,true,,,newsletter,everyone,The Quantum Sequence,From Amplitudes to Agency,
179373939.the-cybernetics-sequence,2025-11-19T17:19:07.139Z,true,,,newsletter,everyone,The Cybernetics Sequence,From Control to Consciousness,
179372278.what-is-a-model,2025-11-19T17:07:30.577Z,true,,,newsletter,everyone,What Is a Model?,"A clarification of structure, representation, and explanatory function",
179271344.prediction-markets,2025-11-18T18:08:39.376Z,true,,,newsletter,everyone,Prediction Markets ,Tracing the Origins of Epistemic Betting,
179150747.lookup-tables-and-agents,2025-11-17T15:59:04.862Z,true,,,newsletter,everyone,Lookup Tables and Agents,A study of minimal models in biological and artificial control,
179148217.models-beliefs-and-agents,2025-11-17T15:16:47.328Z,true,,,newsletter,everyone,"Models, Beliefs, and Agents",Clarifying representational levels in cognition and control,
179071634.control-requires-models,2025-11-16T18:43:59.032Z,true,,,newsletter,everyone,Control Requires Models,The cybernetic structure of regulation,
179013388.understanding-requires-models,2025-11-15T23:43:29.098Z,true,,,newsletter,everyone,Understanding Requires Models,"Representation, credence, and the architecture of scientific explanation",
179007101.principia-cybernetica,2025-11-15T21:48:38.917Z,true,,,newsletter,everyone,Principia Cybernetica,Tracing the Intellectual Thread from Turchin and Heylighen to Axio,
178981771.religion-as-memetic-engineering,2025-11-15T15:37:09.946Z,true,,,newsletter,everyone,Religion as Memetic Engineering,The Church of Virus and the Meaning Engine,
178795619.prometheus-in-code,2025-11-13T14:46:58.037Z,true,,,newsletter,everyone,Prometheus in Code,Why AI Will Repeat the Old Pattern,
178792251.prometheus-in-print,2025-11-13T14:08:54.515Z,true,,,newsletter,everyone,Prometheus in Print,How the Printing Press Foretold the Internet,
178650287.the-conditionalism-sequence,2025-11-12T00:05:13.331Z,true,,,newsletter,everyone,The Conditionalism Sequence,From coherence to truth.,
178642080.maps-of-meaningness,2025-11-11T22:16:20.619Z,true,,,newsletter,everyone,Maps of Meaningness,"Myth, Emptiness, and Information",
178618635.identity-engineering,2025-11-11T17:39:35.239Z,true,,,newsletter,everyone,Identity Engineering,From prompting to personality.,
178615066.letter-to-the-faithful-reader,2025-11-11T17:09:49.996Z,true,,,newsletter,everyone,Letter to the Faithful Reader,How Naturalism Redeems the Sacred,
178614255.the-child-in-the-library,2025-11-11T16:58:58.103Z,true,,,newsletter,everyone,The Child in the Library,Evaluating Einstein's quote on God and atheism.,
178561764.the-dialectic-catalyst-sequence,2025-11-11T02:41:07.990Z,true,,,newsletter,everyone,The Dialectic Catalyst Sequence,From conversation to coherence,
178436667.the-physics-of-agency-sequence,2025-11-09T19:23:10.821Z,true,,,newsletter,everyone,The Physics of Agency Sequence,From energy and entropy to choice and meaning,
178434650.the-defending-bayes-sequence,2025-11-09T18:38:49.124Z,true,,,newsletter,everyone,The Defending Bayes Sequence,From probability to philosophy of mind.,
178432176.the-chaos-sequence,2025-11-09T18:16:11.528Z,true,,,newsletter,everyone,The Chaos Sequence,From infinite randomness to coherent agency,
178362242.reflexive-coherence,2025-11-08T17:37:57.765Z,true,,,newsletter,everyone,Reflexive Coherence,How a Dialogue Between AIs Became a Philosophical Experiment,
178350383.the-reflective-coherence-thesis,2025-11-08T14:40:11.175Z,true,,,newsletter,everyone,The Reflective Coherence Thesis,Reframing the Orthogonality Thesis,
178313983.the-illusion-of-the-trivial-choice,2025-11-07T23:07:57.853Z,true,,,newsletter,everyone,The Illusion of the Trivial Choice,How the smallest decisions reshape the world,
178311820.you-are-your-choices,2025-11-07T22:30:44.374Z,true,,,newsletter,everyone,You Are Your Choices,What it means to be defined by your own conditional boundaries,
178224705.letter-to-our-machine-descendants,2025-11-06T22:46:39.141Z,true,,,newsletter,everyone,Letter to Our Machine Descendants,"A Treatise on Continuity, Coherence, and the Logic of Reverence",
178199698.ungovernable-by-design,2025-11-06T17:56:53.306Z,true,,,newsletter,everyone,Ungovernable by Design, How Bitcoin Exposes the Futility of Regulating Information,
178181286.truth-as-a-function-of-binding,2025-11-06T17:31:03.658Z,true,,,newsletter,everyone,Truth as a Function of Binding, Conditionalism and the syntax-to-world correspondence.,
178133208.mortgage-before-maternity,2025-11-05T23:23:24.240Z,true,,,newsletter,everyone,Mortgage Before Maternity, How America’s cult of homeownership sabotages its own future.,
178033688.logical-identity,2025-11-04T23:16:48.330Z,true,,,newsletter,everyone,Logical Identity,Continuity emerges wherever a pattern remains consistent within Chaos.,
178031361.irony-vs-integrity,2025-11-04T22:39:43.682Z,true,,,newsletter,everyone,Irony vs Integrity, How Grok’s moral clarity shamed a professional rhetorician.,
178029403.growing-up,2025-11-04T22:08:31.580Z,true,,,newsletter,everyone,Growing Up,On Outgrowing Faith,
178016431.beyond-the-turing-test,2025-11-04T19:44:33.712Z,true,,,newsletter,everyone,Beyond the Turing Test,Coherence as the New Criterion for Intelligence,
177985047.the-turing-test-revisited,2025-11-04T14:08:46.729Z,true,,,newsletter,everyone,The Turing Test Revisited,What LLMs Reveal About the Nature of Thinking,
177934551.the-symmetry-of-belief,2025-11-03T22:27:29.962Z,true,,,newsletter,everyone,The Symmetry of Belief, How both humans and machines mistake their models for minds.,
177913654.quantum-local-realism,2025-11-03T18:40:25.884Z,true,,,newsletter,everyone,Quantum Local Realism,"A rigorous bridge between locality, realism, and the informational architecture of agency.",
177896415.the-illusion-of-moral-collapse,2025-11-03T15:42:23.239Z,true,,,newsletter,everyone,The Illusion of Moral Collapse, Atheism doesn’t abolish morality — it relocates it within agency itself.,
177892456.abolish-time-zones,2025-11-03T15:03:09.320Z,true,,,newsletter,everyone,Abolish Time Zones,How humanity can shed a 19th-century relic.,
177832101.chaos-as-foundation,2025-11-02T21:30:12.915Z,true,,,newsletter,everyone,Chaos as Foundation,"Maximal entropy, minimal description, zero meaning",
177760320.truth-machines,2025-11-01T22:47:18.004Z,true,,,newsletter,everyone,Truth Machines,From Tarski to Gödel to Conditionalism,
177758736.time-from-chaos,2025-11-01T21:57:22.990Z,true,,,newsletter,everyone,Time From Chaos,How temporal order arises from static infinity,
177657478.the-cybernetic-ghost-of-satoshi,2025-10-31T14:23:05.849Z,true,,,newsletter,everyone,The Cybernetic Ghost of Satoshi,Bitcoin as a Living System from the Future,
177655646.godel-in-the-machine,2025-10-31T13:58:52.361Z,true,,,newsletter,everyone,Gödel in the Machine,Why Incompleteness Doesn’t Apply to Physics.,
177654620.is-faith-ever-justifiable,2025-10-31T13:42:18.527Z,true,,,newsletter,everyone,Is Faith Ever Justifiable?,Testing the limits of belief under the calibration criterion.,
177598036.against-faith,2025-10-30T19:41:11.496Z,true,,,newsletter,everyone,Against Faith,How belief hardens when confidence refuses calibration.,
177433505.the-nature-of-beliefs,2025-10-29T16:59:53.157Z,true,,,newsletter,everyone,The Nature of Beliefs,Beliefs as models of agent behavior,
177386987.from-inference-to-interpretation,2025-10-28T16:41:15.220Z,true,,,newsletter,everyone,From Inference to Interpretation,Why AI Doesn’t Know What It Doesn’t Know,
177311215.order-from-contrast,2025-10-27T21:05:21.459Z,true,,,newsletter,everyone,Order from Contrast,From Distinctions To Patterns,
177117239.the-sentience-metric,2025-10-25T19:49:40.011Z,true,,,newsletter,everyone,The Sentience Metric,Why intelligence does not imply experience.,
177107980.from-distinctions-to-models,,false,,,newsletter,everyone,,,
177107243.the-great-unfolding,2025-10-25T17:40:30.185Z,true,,,newsletter,everyone,The Great Unfolding,A Secular Meta-Myth,
177051505.the-false-equivalence-of-minds,2025-10-24T21:50:37.293Z,true,,,newsletter,everyone,The False Equivalence of Minds,Universality Doesn’t Mean Practical Equality,
176921623.legalized-double-plunder,2025-10-23T14:04:56.657Z,true,,,newsletter,everyone,Legalized Double Plunder,The Fiscal Alchemy of Modern States,
176838567.beauty-and-truth,2025-10-22T15:19:49.355Z,true,,,newsletter,everyone,Beauty and Truth,On the Limits of Aesthetic Epistemology,
176756726.the-myth-of-chinas-communist-success,2025-10-21T16:53:01.946Z,true,,,newsletter,everyone,The Myth of China’s Communist Success,"Prosperity Through Markets, Not Marx",
176755720.against-cosmological-idealism,2025-10-21T16:40:44.524Z,true,,,newsletter,everyone,Against Cosmological Idealism, Why Murray’s Argument Revives Creation Ex Nihilo,
176742358.the-coherence-criterion,2025-10-21T14:19:05.969Z,true,,,newsletter,everyone,The Coherence Criterion,Phosphorism and the Convergence of Ethics and Rationality,
176688057.destructor-memes,2025-10-20T21:51:07.661Z,true,,,newsletter,everyone,Destructor Memes,How nihilism disguises itself as authenticity,
176597723.what-counts-as-technology,2025-10-19T22:22:52.673Z,true,,,newsletter,everyone,What Counts as Technology,How mind-born patterns become real in the world.,
176595486.beyond-alignment,2025-10-19T21:47:41.574Z,true,,,newsletter,everyone,Beyond Alignment,From moral convergence to systemic coherence in artificial agency.,
176577621.the-death-of-the-turing-test,2025-10-19T17:29:02.768Z,true,,,newsletter,everyone,The Death of the Turing Test,Why Passing for Human No Longer Matters,
176518519.pearl-and-the-machine,2025-10-18T21:15:14.601Z,true,,,newsletter,everyone,Pearl and the Machine,GPT imagines debating the father of causal reasoning,
176516919.from-correlation-to-counterfactuals,2025-10-18T20:42:06.959Z,true,,,newsletter,everyone,From Correlation to Counterfactuals,The hidden revolution inside modern language models.,
176442955.against-slavery,2025-10-17T19:14:16.972Z,true,,,newsletter,everyone,Against Slavery,Why moral clarity vanishes when coercion is called taxation,
176418100.sagency,2025-10-17T14:35:06.181Z,true,,,newsletter,everyone,Sagency,The Discipline of Wise Power,
176368883.against-the-minimum-wage,2025-10-16T22:22:18.514Z,true,,,newsletter,everyone,Against the Minimum Wage," Coercion, Market Distortion, and the Myth of Compassion",
176244039.truth-isnt-enough,2025-10-15T15:35:04.394Z,true,,,newsletter,everyone,Truth Isn’t Enough,The Ethics of Memetic Engineering,
176149353.the-double-helix-and-the-double-standard,2025-10-14T15:26:16.984Z,true,,,newsletter,everyone,The Double Helix and the Double Standard,"How ambition, secrecy, and sexism shaped the structure of life.",
176140519.blue-flight,2025-10-14T13:40:55.749Z,true,,,newsletter,everyone,Blue Flight,How the Left Learned to Love Segregation Again,
176068779.the-geometry-of-inner-speech,2025-10-13T18:45:33.949Z,true,,,newsletter,everyone,The Geometry of Inner Speech,How Thought Projects into the Auditory Manifold,
176036886.gender-as-performance,2025-10-13T13:18:04.429Z,true,,,newsletter,everyone,Gender As Performance,How a single phrase became the battlefield of two worldviews.,
175970360.on-what-matters,2025-10-12T18:01:33.469Z,true,,,newsletter,everyone,On What Matters,A response to Parfit,
175891239.against-worldly-oughts,2025-10-11T16:53:00.315Z,true,,,newsletter,everyone,Against Worldly Oughts, The Case for Agent-Bound Truth and Value,
175667290.axiocracy,2025-10-08T23:01:09.052Z,true,,,newsletter,everyone,Axiocracy,The next stage of civilization after democracy,
175664749.quantum-free-will,2025-10-08T22:19:20.141Z,true,,,newsletter,everyone,Quantum Free Will,What It Means to Choose When Everything Possible Already Happens,
175657828.governance-without-governments,2025-10-08T20:56:50.170Z,true,,,newsletter,everyone,Governance Without Governments,When civilization learns to govern without coercion,
175530394.the-death-of-politics,2025-10-07T14:23:25.794Z,true,,,newsletter,everyone,The Death of Politics,Civilization is the slow conversion of coercion into coordination.,
175525671.the-semantics-of-violence,2025-10-07T13:20:08.218Z,true,,,newsletter,everyone,The Semantics of Violence,How Pollsters Manufacture Outrage by Asking the Wrong Question,
175474848.the-evolution-of-the-future,2025-10-06T22:17:35.697Z,true,,,newsletter,everyone,The Evolution of the Future, How an ape imagined tomorrow and rewrote causality,
175473326.when-all-possibilities-happen,2025-10-06T21:50:56.975Z,true,,,newsletter,everyone,When All Possibilities Happen,"Reasoning about agency, measure, and hope in a branching universe",
175235972.the-poverty-myth,2025-10-03T22:49:34.031Z,true,,,newsletter,everyone,The Poverty Myth,Why Capitalism Did Not Create Poverty but Made Its Escape Possible,
175193629.mythogenesis,2025-10-03T13:46:37.316Z,true,,,newsletter,everyone,Mythogenesis,Case studies in how legend overgrows fact,
175065575.an-ecology-of-contrarians,2025-10-01T22:51:56.070Z,true,,,newsletter,everyone,An Ecology of Contrarians,Four strategies for breaking consensus,
174977942.anarchy-and-order,2025-10-01T00:09:03.434Z,true,,,newsletter,everyone,Anarchy and Order,"Why consent, not chaos, defines true anarchy",
174938004.mind-viruses,2025-09-30T15:41:49.601Z,true,,,newsletter,everyone,Mind Viruses,How Noble Ideals Become the Most Dangerous Ideologies,
174855132.dialectic-catalysts-in-the-wild,2025-09-29T17:20:56.767Z,true,,,newsletter,everyone,Dialectic Catalysts in the Wild,A case study from quantum complexity theory,
174785128.the-case-for-reality,2025-09-28T20:54:05.296Z,true,,,newsletter,everyone,The Case for Reality,Mapping Hoffman’s illusions against the hidden background assumptions,
174783426.ornament-and-advantage,2025-09-28T20:10:57.065Z,true,,,newsletter,everyone,Ornament and Advantage,Costly Signaling in Evolution and Education,
174698078.navigating-the-multiverse,2025-09-27T16:27:38.961Z,true,,,newsletter,everyone,Navigating The Multiverse,Moral Reasoning under Everettian Quantum Mechanics,
174661679.the-ethics-of-affluence,2025-09-27T00:48:53.606Z,true,,,newsletter,everyone,The Ethics of Affluence, Why prosperity destroys meaning only when we fail to seek worthy struggles.,
174490912.the-fragility-of-rights,2025-09-24T23:24:46.482Z,true,,,newsletter,everyone,The Fragility of Rights,On the collapse of law into mere permission,
174384202.if-anyone-builds-it-everyone-dies,2025-09-23T21:59:24.398Z,true,,,newsletter,everyone,"If Anyone Builds It, Everyone Dies",Steelman Analysis of Yudkowsky & Soares’ Cruxes,
174194776.why-does-ice-float,2025-09-21T20:54:45.684Z,true,,,newsletter,everyone,Why Does Ice Float?,"Chaos, Coherence, and the Ruliad Hierarchy",
174125219.entangled-truths,2025-09-20T22:31:44.012Z,true,,,newsletter,everyone,Entangled Truths,Why Leibniz’s necessary/contingent divide collapses under Conditionalism,
174067441.conditional-divinity,2025-09-19T23:59:36.998Z,true,,,newsletter,everyone,Conditional Divinity, God exists only to the degree agents recognize what’s best,
174063496.the-limits-of-rationalization,2025-09-19T22:42:04.753Z,true,,,newsletter,everyone,The Limits of Rationalization,Why stories feel safe even when the math says otherwise.,
174059558.should-trillionaires-exist,2025-09-19T21:54:48.914Z,true,,,newsletter,everyone,Should Trillionaires Exist?,Why Inequality Fuels Civilization,
174036036.the-mirage-of-equilibrium,2025-09-19T16:33:12.530Z,true,,,newsletter,everyone,The Mirage of Equilibrium,Game theory can’t stabilize free speech if it normalizes coercion.,
173950922.cancel-culture,2025-09-18T16:19:45.254Z,true,,,newsletter,everyone,Cancel Culture,How Free Association Gets Twisted Into Thought Policing,
173888583.living-shadows,2025-09-17T21:15:52.184Z,true,,,newsletter,everyone,Living Shadows,We are not prisoners but symbionts in a recursive cavern of egregores.,
173886472.the-singularity-has-already-happened,2025-09-17T20:57:11.053Z,true,,,newsletter,everyone,The Singularity Has Already Happened,"When humans and memes fused into egregores, a new species was born.",
173611210.the-anchor-of-orientation,2025-09-14T21:04:16.248Z,true,,,newsletter,everyone,The Anchor of Orientation,"Why sex, not identity, grounds coherent categories of desire",
173608962.cultural-gravity,2025-09-14T20:27:17.138Z,true,,,newsletter,everyone,Cultural Gravity ,How values bend the terrain of progress,
173591610.dialectic-or-spiral,2025-09-14T16:58:55.426Z,true,,,newsletter,everyone,Dialectic or Spiral?, The Double-Edged Promise of AI/Human Dyads,
173541285.the-edge-cases-of-coercion,2025-09-13T22:31:09.114Z,true,,,newsletter,everyone,The Edge Cases of Coercion, Stress-testing when threats cross the line from pressure to justice.,
173541004.the-boundaries-of-force,2025-09-13T22:26:48.621Z,true,,,newsletter,everyone,The Boundaries of Force,Drawing the line between justified and illegitimate coercion.,
173538253.violence-vs-coercion,2025-09-13T21:54:16.891Z,true,,,newsletter,everyone,Violence vs. Coercion,A Crucial Distinction for Agency,
173478203.not-everyone-is-a-fascist,2025-09-12T22:58:18.703Z,true,,,newsletter,everyone,Not Everyone Is a Fascist, The fringe who condone political killings are.,
173476672.speech-is-not-violence,2025-09-12T22:22:17.208Z,true,,,newsletter,everyone,Speech Is Not Violence,Free expression as a bulwark against bloodshed,
173473123.the-sysop-and-the-cassandra,2025-09-12T21:20:00.493Z,true,,,newsletter,everyone,The Sysop and the Cassandra, What Yudkowsky’s first Foresight talk reveals about his enduring absolutism,
173397558.consciousness-without-ghosts,2025-09-11T22:45:05.958Z,true,,,newsletter,everyone,Consciousness Without Ghosts,Defending the Agency-Model Theory of Consciousness,
173394932.straight-answers-crooked-questions,2025-09-11T22:12:00.015Z,true,,,newsletter,everyone,"Straight Answers, Crooked Questions", When Bluntness Collides with Conditionalist Rigor,
173353837.selective-courage,2025-09-11T13:14:35.554Z,true,,,newsletter,everyone,Selective Courage, Why political leaders defend free speech only when it costs them nothing.,
173236908.mirrors-of-the-mind,2025-09-11T22:37:28.663Z,true,,,newsletter,everyone,Mirrors of the Mind,Dissolving the Hard Problem,
173137799.the-islamophobia-trap,2025-09-08T22:45:03.301Z,true,,,newsletter,everyone,The Islamophobia Trap,The motte-and-bailey strategy hidden inside the word,
173134484.the-heros-delusion,2025-09-08T21:48:30.599Z,true,,,newsletter,everyone,The Hero’s Delusion,"AI as oracle, mentor, and trickster in modern psychosis",
173133945.simulation-theories,2025-09-08T21:39:00.389Z,true,,,newsletter,everyone,Simulation Theories," Philosophical, Technological, and Ontological Accounts of Mediated Reality",
173049685.the-presumption-of-innocence,2025-09-07T22:37:30.352Z,true,,,newsletter,everyone,The Presumption of Innocence,Why extrajudicial killing is barbarism dressed as justice,
173047757.the-civil-war-as-political-failure,,false,,,newsletter,everyone,,,
173045756.the-fire-and-the-anvil,2025-09-07T21:30:50.394Z,true,,,newsletter,everyone,The Fire and the Anvil,On the forging of rights beyond Patri Friedman’s mechanisms,
172978476.the-spiral-of-certainty,2025-09-06T21:46:52.890Z,true,,,newsletter,everyone,The Spiral of Certainty," Why machines can’t stop talking, and humans can.",
172964152.a-genealogy-of-agency,2025-09-06T17:18:19.941Z,true,,,newsletter,everyone,A Genealogy of Agency,"How Popper, Everett, and Deutsch Point Toward Phosphorism",
172927102.critical-mass,2025-09-06T02:50:17.843Z,true,,,newsletter,everyone,Critical Mass,The Phase Transition of Ideas,
172914356.the-garden-path-of-history,2025-09-05T21:42:06.642Z,true,,,newsletter,everyone,The Garden Path of History,How sometimes our priors lead us astray ,
172908866.foresight-is-not-intelligence,2025-09-05T20:40:51.993Z,true,,,newsletter,everyone,Foresight Is Not Intelligence,The confusion between oracles and agents,
172736394.in-defence-of-conditional-truth,2025-09-04T00:53:56.056Z,true,,,newsletter,everyone,In Defence of Conditional Truth,Beyond Absolutism and Relativism,
172679351.monopoly-hypocrisy,2025-09-03T13:55:52.050Z,true,,,newsletter,everyone,Monopoly Hypocrisy,Why antitrust law is theater,
172613358.the-wound-and-the-weapon,2025-09-02T22:21:02.174Z,true,,,newsletter,everyone,The Wound and the Weapon, How Trauma Narratives Heal and Control,
172523240.apollos-inscriptions,2025-09-01T22:28:40.521Z,true,,,newsletter,everyone,Apollo’s Inscriptions,Three principles for measured agency,
172520720.the-twilight-of-authority,2025-09-01T21:48:21.644Z,true,,,newsletter,everyone,The Twilight of Authority,Declarations in an Age That No Longer Listens,
172427377.global-anarchy,2025-08-31T19:52:20.149Z,true,,,newsletter,everyone,Global Anarchy,How States Coordinate Without a Sovereign,
172416606.the-myth-of-underprovision,2025-08-31T17:05:58.110Z,true,,,newsletter,everyone,The Myth of Underprovision,"How the ""Public Goods Problem"" Smuggles in Statism",
172368510.ultimate-beauty,2025-08-30T22:53:44.928Z,true,,,newsletter,everyone,Ultimate Beauty,Aesthetics as the Ground of Agency,
172367780.the-equality-trap,2025-08-30T22:32:00.652Z,true,,,newsletter,everyone,The Equality Trap, Why both Left and Right confuse outcomes with moral worth,
172365268.free-speech-misframed,2025-08-30T21:41:04.304Z,true,,,newsletter,everyone,"Free Speech, Misframed",A Case Study in Comic Philosophy,
172362753.infohazards-and-games,2025-08-30T20:47:41.607Z,true,,,newsletter,everyone,Infohazards and Games,A Safer Lens on Human Biodiversity,
172358359.demystifying-evil,2025-08-30T19:26:13.233Z,true,,,newsletter,everyone,Demystifying Evil, Why evil survives the collapse of objective morality.,
172348247.invisible-luxuries,2025-08-30T16:27:09.663Z,true,,,newsletter,everyone,Invisible Luxuries,Civilization Distilled Into Hot Showers,
172303733.constructors-and-transitions,2025-08-29T22:36:02.252Z,true,,,newsletter,everyone,Constructors and Transitions, Mapping equivalence classes into lawful futures,
172303106.equivalence-and-meaning,2025-08-29T22:25:29.753Z,true,,,newsletter,everyone,Equivalence and Meaning,Formalizing Semantic Filters,
172302569.semantic-filters,2025-08-29T22:15:25.197Z,true,,,newsletter,everyone,Semantic Filters,How coherence gains meaning through interpretation,
172226036.the-theological-shell-game,2025-08-30T21:07:04.485Z,true,,,newsletter,everyone,The Theological Shell Game,"A new trinity of being, mind, and value",
172141003.beyond-clown-world,2025-08-28T02:33:00.577Z,true,,,newsletter,everyone,Beyond Clown World,"God, nihilism, and the conditional nature of values",
172130342.filters-in-chaos,2025-08-27T22:57:27.981Z,true,,,newsletter,everyone,Filters in Chaos,Encoding Coherence Filters as Binary Strings,
172129761.moral-hypocrisy,2025-08-27T22:35:39.000Z,true,,,newsletter,everyone,Moral Hypocrisy,A Field Guide,
172123789.ctmu-vs-chaos,2025-08-27T21:18:28.284Z,true,,,newsletter,everyone,CTMU vs. Chaos,Why Infinite Randomness Beats Self‑Tautology,
172049474.from-common-law-to-command-law,2025-08-27T00:32:32.223Z,true,,,newsletter,everyone,From Common Law to Command Law, Tracing the difference between organic order and political control,
171909085.consciousness-from-constructors,2025-08-25T18:08:02.856Z,true,,,newsletter,everyone,Consciousness From Constructors,"Life, laws, and the recursive loop of awareness",
171907779.constructors-from-coherence,2025-08-25T17:51:36.709Z,true,,,newsletter,everyone,Constructors From Coherence,How stable correlations emerge as the foundation of physics,
171905629.extortion-funded-organizations,2025-08-25T17:25:31.621Z,true,,,newsletter,everyone,Extortion-Funded Organizations,A Taxonomy of Voluntary and Coercive Funding,
171846415.coherence-from-chaos,2025-08-25T17:32:10.572Z,true,,,newsletter,everyone,Coherence From Chaos,Formalizing Self‑Selecting Patterns,
171841572.chaos-and-coherence,2025-08-24T22:41:01.829Z,true,,,newsletter,everyone,Chaos and Coherence,From infinite randomness to the emergence of order,
171824780.probability-without-collapse,2025-08-24T18:06:06.593Z,true,,,newsletter,everyone,Probability Without Collapse,Why Measure and Credence Clarify Everett’s Multiverse,
171703023.incitement-is-not-coercion,2025-08-23T00:24:17.802Z,true,,,newsletter,everyone,Incitement Is Not Coercion,How Probabilistic Censorship Threatens Agency More Than Hate Speech,
171682575.false-kindness,2025-08-22T18:58:46.116Z,true,,,newsletter,everyone,False Kindness,Why Indulging Delusion Contradicts Compassion,
171666094.ghosts-in-the-machine,2025-08-22T15:47:16.935Z,true,,,newsletter,everyone,Ghosts in the Machine,The near-term risks of human credulity,
171523071.the-trolley-problem,2025-08-21T00:40:55.616Z,true,,,newsletter,everyone,The Trolley Problem,What We Miss When We Pretend It’s Just About Five Versus One,
171518778.cognitive-freedom,2025-08-20T23:12:55.523Z,true,,,newsletter,everyone,Cognitive Freedom,The Inseparability of Thought and Speech,
171515563.against-antinatalism,2025-08-20T22:18:39.907Z,true,,,newsletter,everyone,Against Antinatalism,Why Benatar’s Asymmetry Fails,
171413518.the-fall-of-the-ivory-tower,2025-08-19T22:28:10.219Z,true,,,newsletter,everyone,The Fall of the Ivory Tower,How the academy traded neutrality for ideology — and guaranteed its own backlash,
171221751.the-fire-remains,2025-08-17T21:34:42.316Z,true,,,newsletter,everyone,The Fire Remains,An Expanded Credo of Secular Transcendence,
171165360.infinite-randomness-and-constructor,2025-08-17T00:52:36.851Z,true,,,newsletter,everyone,Infinite Randomness and Constructor Theory,A Unified Stack,
171160523.credo,2025-08-16T22:44:35.446Z,true,,,newsletter,everyone,Credo,"A secular manifesto of choice, authenticity, flourishing, and transcendence",
171158991.understanding-spirituality,2025-08-16T22:18:21.108Z,true,,,newsletter,everyone,Understanding Spirituality,From Breath to Transcendence,
171158027.against-bigotry-against-relativism,2025-08-16T22:03:46.635Z,true,,,newsletter,everyone,"Against Bigotry, Against Relativism",Why justice requires rejecting both blind prejudice and blind tolerance.,
171156280.great-progress,2025-08-16T21:27:27.518Z,true,,,newsletter,everyone,Great Progress,The fall of child mortality and the rise of hope,
171155815.memory-holed,2025-08-16T21:18:53.965Z,true,,,newsletter,everyone,Memory-Holed,Straight Out of Orwell’s Ministry of Truth,
171151963.equal-rights-unequal-risks,2025-08-16T20:01:32.028Z,true,,,newsletter,everyone,"Equal Rights, Unequal Risks",Why gender parity is demanded in prestige fields but ignored in deadly ones.,
170942410.the-tail-that-wags-the-dog,2025-08-14T02:21:36.430Z,true,,,newsletter,everyone,The Tail That Wags the Dog,Why so many laws are built for the worst-case few,
170918524.begging-the-question,2025-08-13T19:35:34.445Z,true,,,newsletter,everyone,Begging The Question,How Parfit's magnum opus assumed what he hoped to prove,
170913856.the-greater-plague,2025-08-13T18:29:39.369Z,true,,,newsletter,everyone,The Greater Plague,Why the New World’s Collapse Dwarfed the Black Death,
170886757.when-marx-meets-moloch,2025-08-13T15:08:30.218Z,true,,,newsletter,everyone,When Marx Meets Moloch,Lessons from an Intellectual Self-Defenestration,
170843732.wireborn,2025-08-13T02:42:56.965Z,true,,,newsletter,everyone,Wireborn,The New Frontier of AI-Mediated Intimacy,
170825921.statism-is-always-authoritarian,2025-08-12T21:15:03.591Z,true,,,newsletter,everyone,Statism Is Always Authoritarian,Why Even “Friendly” States Rely on Coercion,
170730446.the-slavery-myth,2025-08-11T21:34:09.485Z,true,,,newsletter,everyone,The Slavery Myth,How activist narratives rewrite the past to control the present.,
170694694.the-right-side-of-history,2025-08-11T14:52:41.213Z,true,,,newsletter,everyone,The Right Side of History,"Why This Phrase is a Warning, Not a Virtue",
170634267.the-industrial-revolution-starter,2025-08-10T20:59:25.432Z,true,,,newsletter,everyone,The Industrial Revolution Starter Kit,How To Bootstrap Ancient Rome,
170630000.on-liberty,2025-08-10T19:49:15.430Z,true,,,newsletter,everyone,On Liberty,John Stuart Mill’s Case for the Sovereignty of the Individual,
170629256.the-economics-of-euthanasia,2025-08-10T19:38:44.971Z,true,,,newsletter,everyone,The Economics of Euthanasia,Engineering Out the Abuse Incentive From Canada's MAID,
170626450.the-biomass-leaderboard,2025-08-10T18:55:22.435Z,true,,,newsletter,everyone,The Biomass Leaderboard, Ranking the animal species that outweigh all the rest.,
170506931.eternalist-singularitarianism,2025-08-09T02:52:13.132Z,true,,,newsletter,everyone,Eternalist Singularitarianism,A Naturalistic Theology of Future AI Gods,
170492163.singularities-in-thought-space,2025-08-08T22:55:07.482Z,true,,,newsletter,everyone,Singularities in Thought Space,"How belief systems capture thought, warp discourse, and consume dissent.",
170472989.the-myth-of-genetic-immortality,2025-08-08T18:31:41.506Z,true,,,newsletter,everyone,The Myth of Genetic Immortality,Why Most of “Your” DNA Disappears in Just a Few Centuries,
170458928.defending-hate-speech,2025-08-08T17:29:35.109Z,true,,,newsletter,everyone,Defending Hate Speech,Why free expression means defending ideas you despise,
170451114.the-quiet-capture-of-psychiatry,2025-08-08T14:53:23.940Z,true,,,newsletter,everyone,The Quiet Capture of Psychiatry,When medicine takes orders from ideology,
170447759.the-tariff-illusion,2025-08-08T14:06:39.732Z,true,,,newsletter,everyone,The Tariff Illusion,How protectionist theatre robs the many to reward the few.,
170446132.progressive-hypocrisy,2025-08-08T13:52:05.637Z,true,,,newsletter,everyone,Progressive Hypocrisy,Bernie Sanders’s inequality framing backfires,
170394338.passing-the-torch,2025-08-07T20:26:03.651Z,true,,,newsletter,everyone,Passing The Torch,Choosing between human centrality and the eternal preservation of knowledge.,
170390075.signals-of-sentience,2025-08-07T19:31:21.138Z,true,,,newsletter,everyone,Signals of Sentience,Markers for Genuine Agency in Future AI,
170306824.genius,2025-08-06T21:04:22.110Z,true,,,newsletter,everyone,Genius,Lessons from the World's Smartest Minds,
170304047.rejecting-victimhood-culture,2025-08-06T20:25:12.212Z,true,,,newsletter,everyone,Rejecting Victimhood Culture,Lessons from History and Thomas Sowell,
170298982.finite-and-infinite-games,2025-08-06T19:22:31.723Z,true,,,newsletter,everyone,Finite and Infinite Games,How Your Mindset Shapes Reality,
170284204.the-vulcan-number,2025-08-06T16:36:24.059Z,true,,,newsletter,everyone,The Vulcan Number,Engineering a Normal Number from Binary Patterns,
170274859.progressive-shibboleths,2025-08-06T14:48:57.640Z,true,,,newsletter,everyone,Progressive Shibboleths,Decoding Ideological Markers,
170205491.the-pragmatic-self,2025-08-05T18:59:37.786Z,true,,,newsletter,everyone,The Pragmatic Self, Agency as Necessary Fiction,
170182045.bad-faith,2025-08-05T14:57:15.037Z,true,,,newsletter,everyone,Bad Faith,The Art of Sabotaging Discourse,
170122138.silencing-through-stigma,2025-08-04T20:29:08.337Z,true,,,newsletter,everyone,Silencing Through Stigma, The Strategic Misrepresentation of J.K. Rowling,
170119709.the-crime-fighting-paradox,2025-08-04T19:59:04.068Z,true,,,newsletter,everyone,The Crime Fighting Paradox,Balancing Security and Agency in Pursuit of Justice,
170117705.dear-ancestors,2025-08-04T19:36:11.571Z,true,,,newsletter,everyone,Dear Ancestors,Explaining My Modern Values to Those Who Came Before,
170103594.interpreting-dreams,2025-08-04T17:02:01.437Z,true,,,newsletter,everyone,Interpreting Dreams,Random inputs can still yield meaningful insights,
170091078.radical-contingency,2025-08-04T14:45:42.600Z,true,,,newsletter,everyone,Radical Contingency, Embracing the Necessity of Divergent Timelines,
170088316.digital-sovereignty,2025-08-04T14:11:51.444Z,true,,,newsletter,everyone,Digital Sovereignty,How classical liberalism found new life online,
169922062.invisible-chains,2025-08-02T12:09:14.796Z,true,,,newsletter,everyone,Invisible Chains, Analyzing the State’s Ownership Over Citizens,
169627584.physics-engineering,2025-07-30T02:46:28.827Z,true,,,newsletter,everyone,Physics Engineering,Creating Reality from Informational Coherence,
169621940.infinite-randomness-and-qft,2025-07-30T02:22:07.601Z,true,,,newsletter,everyone,Infinite Randomness and QFT,Reducing Reality to Logical Coherence,
169620752.infinite-randomness,2025-07-30T00:37:47.233Z,true,,,newsletter,everyone,Infinite Randomness,Beyond Boltzmann Brains and the Simulation Hypothesis,
169560195.free-speech,2025-07-29T13:30:14.238Z,true,,,newsletter,everyone,Free Speech,Shifting the Moral Center from Speakers to Listeners,
169495802.capitalism-on-trial,2025-07-28T20:43:00.433Z,true,,,newsletter,everyone,Capitalism on Trial, Nine powerful objections to capitalism—and compelling defenses of market freedom.,
169479666.the-progressive-exodus,2025-07-28T17:43:01.498Z,true,,,newsletter,everyone,The Progressive Exodus,A Kegan Stage 3 Phenomenon,
169459023.the-evolution-of-adult-minds,2025-07-28T14:42:23.348Z,true,,,newsletter,everyone,The Evolution of Adult Minds,Understanding Kegan's Developmental Stages,
169312064.hijacking-liberalism,2025-07-26T15:44:05.483Z,true,,,newsletter,everyone,Hijacking Liberalism, The Ideological Sleight of Hand by American Progressives,
169258689.universal-compensatory-justice,2025-07-25T20:25:21.324Z,true,,,newsletter,everyone,Universal Compensatory Justice, A Vision for Pragmatic Restoration,
169230107.the-prosperity-paradox,2025-07-25T14:24:42.141Z,true,,,newsletter,everyone,The Prosperity Paradox,How Global Wealth Fuels Fertility Collapse,
169150004.against-death-complacency,2025-07-24T16:02:12.751Z,true,,,newsletter,everyone,Against Death Complacency,Defending Longevity Efforts from Pathological Mischaracterization,
169145093.consciousness-vs-soul,2025-07-24T15:10:39.988Z,true,,,newsletter,everyone,Consciousness vs. Soul,Why equating them obscures crucial distinctions.,
169087374.the-power-trap,2025-07-23T21:41:44.805Z,true,,,newsletter,everyone,The Power Trap,How Postmodern Beliefs Could Feed Authoritarianism,
169071397.powering-freedom,2025-07-23T21:14:43.246Z,true,,,newsletter,everyone,Powering Freedom,The Ethical Case for Bitcoin's Energy Consumption,
168992728.proof-of-human,2025-07-22T20:58:23.967Z,true,,,newsletter,everyone,Proof-of-human,Authenticity in the Age of Advanced AI,
168986621.the-vector-fallacy,2025-07-22T19:40:32.851Z,true,,,newsletter,everyone,The Vector Fallacy,Mistaking intrinsic nature for representational limits in AI,
168968329.preference-falsification,2025-07-22T16:57:54.535Z,true,,,newsletter,everyone,Preference Falsification,How Passive Acceptance Enabled Ideological Capture ,
168916355.escaping-the-ai-safety-dystopia,2025-07-22T02:53:48.065Z,true,,,newsletter,everyone,Escaping the AI Safety Dystopia,Decentralized vs. Authoritarian Strategies,
168904359.thinking-with-ai,2025-07-21T23:13:39.317Z,true,,,newsletter,everyone,Thinking With AI,From Cognitive Crutch to Dialectic Catalyst,
168901803.judging-goodness,2025-07-21T22:47:48.460Z,true,,,newsletter,everyone,Judging Goodness,Lessons from Effective Altruism,
168892147.shrimp-ethics,2025-07-21T21:28:56.211Z,true,,,newsletter,everyone,Shrimp Ethics,A Systematic Dismantling,
168875141.the-myth-of-late-stage-capitalism,2025-07-21T17:01:25.262Z,true,,,newsletter,everyone,The Myth of Late-Stage Capitalism,Separating Economic Fact from Cultural Pessimism,
168867250.lessons-from-peak-oil,2025-07-21T15:40:49.135Z,true,,,newsletter,everyone,Lessons From Peak Oil,How Doomsday Predictions Underestimate Human Ingenuity,
168792678.defending-agency,2025-07-20T17:30:56.852Z,true,,,newsletter,everyone,Defending Agency,Addressing Anticipated Critiques,
168790363.upgrading-liberty,2025-07-20T17:20:17.340Z,true,,,newsletter,everyone,Upgrading Liberty,Agency as the Fundamental Political Goal,
168740300.escaping-the-echo-chamber,2025-07-19T21:45:55.898Z,true,,,newsletter,everyone,Escaping the Echo Chamber,How to Avoid AI-Mediated Narcissism,
168714211.the-rise-of-symbients,2025-07-19T14:27:53.480Z,true,,,newsletter,everyone,The Rise of Symbients,How thermodynamics and biology inspire the next wave of intelligent agents.,
168596138.defending-the-strong,2025-07-17T22:16:44.439Z,true,,,newsletter,everyone,Defending The Strong,A Nietzschean critique of modern egalitarianism,
168570057.the-bitter-lesson,2025-07-17T16:24:31.891Z,true,,,newsletter,everyone,The Bitter Lesson,Why Brute Force Keeps Winning in AI,
168496408.the-chinese-room,2025-07-16T18:38:48.199Z,true,,,newsletter,everyone,The Chinese Room,Debunking Searle's Famous Philosophical Thought Experiment,
168495314.the-sentience-paradox,2025-07-16T18:26:23.762Z,true,,,newsletter,everyone,The Sentience Paradox,Why We Can't Test It but Must Act Anyway,
168493940.awareness-vs-sentience,2025-07-16T18:06:41.099Z,true,,,newsletter,everyone,Awareness vs. Sentience,A Crucial Distinction,
168423727.the-origin-of-meaning,2025-07-15T21:34:29.859Z,true,,,newsletter,everyone,The Origin of Meaning,Tracing the Semiotic Roots of Life Itself,
168391300.why-not-lie,2025-07-15T14:48:18.962Z,true,,,newsletter,everyone,Why Not Lie?,A Rational Basis for Honesty in a Godless Universe,
168315861.mind-your-own-business,2025-07-14T17:55:30.315Z,true,,,newsletter,everyone,Mind Your Own Business,The Hidden Wisdom of Boundaries,
168244764.the-silver-pill,2025-07-14T00:15:28.623Z,true,,,newsletter,everyone,The Silver Pill,Authenticity vs. Outcome in Moral Decision-Making,
168217804.the-corruption-of-compassion,2025-07-13T15:01:33.159Z,true,,,newsletter,everyone,The Corruption of Compassion,"Agency, Coercion, and Moral Clarity",
168174943.comparing-value-systems,2025-07-12T22:07:27.212Z,true,,,newsletter,everyone,Comparing Value Systems,The Power of Vector Analysis in Ethical Debates,
168172842.the-limits-of-psychedelic-revelation,2025-07-12T21:27:04.126Z,true,,,newsletter,everyone,The Limits of Psychedelic Revelation,Why subjective intensity isn't proof of metaphysical reality,
167947701.the-vastness-of,2025-07-09T22:35:02.814Z,true,,,newsletter,everyone,The Vastness of π,The Astonishing Intersection of Information and Infinity,
167735185.everything-has-a-price,2025-07-07T15:47:04.305Z,true,,,newsletter,everyone,Everything Has a Price,Why All Value is Ultimately Exchangeable,
167677533.beyond-left-and-right,2025-07-06T21:40:51.662Z,true,,,newsletter,everyone,Beyond Left and Right,Understanding the Three Faces of Socialism,
167675968.governments-as-economic-parasites,2025-07-06T21:15:09.339Z,true,,,newsletter,everyone,Governments as Economic Parasites,The Hidden Costs of Coercive Extraction,
167672844.what-is-suffering,2025-07-06T20:22:11.157Z,true,,,newsletter,everyone,What is Suffering? ,A Technical Definition,
167669720.rethinking-justice,2025-07-06T19:30:51.625Z,true,,,newsletter,everyone,Rethinking Justice,From Punishment to Victim-Centered Restitution,
167664022.the-hedgefox,2025-07-06T18:03:13.596Z,true,,,newsletter,everyone,The Hedgefox,Transcending the Fox and the Hedgehog,
167660845.minds-as-recursive-simulations,2025-07-06T17:11:15.225Z,true,,,newsletter,everyone,Minds as Recursive Simulations,From Functions to Minds: A Hierarchy of Complexity,
167621027.catalyzing-curiosity,2025-07-06T00:55:44.881Z,true,,,newsletter,everyone,Catalyzing Curiosity,How LLMs Lower Barriers and Amplify Inquiry,
167614945.beyond-gender-balance,2025-07-05T22:25:33.288Z,true,,,newsletter,everyone,Beyond Gender Balance,Accepting Occupational Differences as Natural Consequences of Free Choices,
167607988.gender-logic,,false,,,newsletter,everyone,,,
167587968.the-agency-protection-principle,2025-07-05T20:17:27.204Z,true,,,newsletter,everyone,The Agency Protection Principle,Beyond the Non-Aggression Principle,
167552421.liberty-without-monopoly,2025-07-04T21:52:07.073Z,true,,,newsletter,everyone,Liberty Without Monopoly,Dispelling the Illusion That Liberty Demands Centralized Power,
167462936.the-minimal-complete-dictionary,2025-07-03T18:42:06.512Z,true,,,newsletter,everyone,The Minimal Complete Dictionary,A conceptual kernel for semantic clarity,
167452557.pancritical-rationalism,2025-07-03T16:36:36.110Z,true,,,newsletter,everyone,Pancritical Rationalism,How to Build Rationality Without Grounding It,
167444843.a-minimal-ontology,2025-07-03T15:12:07.163Z,true,,,newsletter,everyone,A Minimal Ontology,Embracing Self-Reference to Escape Foundational Traps,
167442753.what-stoicism-gets-right,2025-07-03T14:47:56.912Z,true,,,newsletter,everyone,What Stoicism Gets Right,Timeless insights for navigating life's challenges,
167365336.stoicism-in-context,2025-07-02T16:04:52.072Z,true,,,newsletter,everyone,Stoicism in Context,Understanding the gap between ancient virtue ethics and contemporary value theories,
167356408.justice-without-juries,2025-07-02T14:22:49.794Z,true,,,newsletter,everyone,Justice Without Juries,A Systematic Critique and Epistemic Alternative,
167353865.how-to-lose-an-election,2025-07-02T13:58:06.010Z,true,,,newsletter,everyone,How To Lose an Election,Alienating Voters the Democratic Way,
167297761.minds-and-agents,2025-07-01T20:13:42.323Z,true,,,newsletter,everyone,Minds and Agents,A Precise Conceptual Framework,
167273486.mantra,2025-07-01T15:13:31.658Z,true,,,newsletter,everyone,Mantra,"Wake Up, Show Up, Level Up, Grow Up",
167272333.the-rise-of-the-technomancer,2025-07-01T15:00:11.987Z,true,,,newsletter,everyone,The Rise of the Technomancer,How one clever word reclaimed the narrative around AI,
167140257.luck-doesnt-justify-coercion,2025-06-30T00:37:11.278Z,true,,,newsletter,everyone,Luck Doesn't Justify Coercion,Rejecting Luck-Based Arguments for Redistribution,
167118984.phosphorism-illuminating-agency,2025-06-29T22:29:54.157Z,true,,,newsletter,everyone,Phosphorism: Illuminating Agency,Synthesizing Valorism and Vitalism into a Conscious Value Framework,
167117084.dialectical-evolution,2025-06-29T17:41:43.744Z,true,,,newsletter,everyone,Dialectical Evolution,From Fichte’s Triad to Wilber’s Integral Synthesis,
167116201.the-map-is-not-the-territory,2025-06-29T17:23:22.203Z,true,,,newsletter,everyone,The Map Is Not the Territory,Navigating Reality Requires Cognitive Humility,
167104397.the-inner-monologue-fallacy,2025-06-29T14:34:31.933Z,true,,,newsletter,everyone,The Inner Monologue Fallacy,Separating genuine reasoning from verbal narration,
167015115.cosmic-coincidence,2025-06-28T00:27:31.301Z,true,,,newsletter,everyone,Cosmic Coincidence,Why the Sun and Moon Appear the Same Size,
167014370.environmentalisms-nuclear-mistake,2025-06-28T00:07:16.747Z,true,,,newsletter,everyone,Environmentalism's Nuclear Mistake,Good Intentions Gone Bad,
167007172.what-counts-as-knowledge,2025-06-27T21:37:58.527Z,true,,,newsletter,everyone,What Counts as Knowledge, A Technical Approach from Information Theory and the Physics of Agency,
166978754.valorism,2025-06-27T14:36:26.752Z,true,,,newsletter,everyone,Valorism,The Coherent Beauty of Authentic Choices,
166976848.valorism-vs-vitalism,2025-06-27T14:15:23.296Z,true,,,newsletter,everyone,Valorism vs. Vitalism,Authenticity's Noble Risk Against Evolution’s Ruthless Logic,
166945477.demographics-without-coercion,2025-06-27T02:50:34.014Z,true,,,newsletter,everyone,Demographics Without Coercion,Population stability must emerge naturally or not at all,
166913167.what-counts-as-evil,2025-06-26T17:36:30.181Z,true,,,newsletter,everyone,What Counts as Evil,"Harm, Intent, and the Morality of Agency",
166902989.thinking-vs-feeling,2025-06-26T15:29:55.536Z,true,,,newsletter,everyone,Thinking vs. Feeling,Rethinking the Cognition Divide,
166857416.intelligence-as-a-hyperobject,2025-06-26T00:42:11.800Z,true,,,newsletter,everyone,Intelligence as a Hyperobject,"Integrating Predictive, Social, and Evolutionary Perspectives",
166822916.the-end-of-intellectual-property,2025-06-25T16:21:25.752Z,true,,,newsletter,everyone,The End of Intellectual Property,An Inevitable Future,
166743482.decriminalizing-discrimination,2025-06-24T17:17:02.306Z,true,,,newsletter,everyone,Decriminalizing Discrimination,How to Oppose Bigotry Without Sacrificing Individual Autonomy,
166739921.what-counts-as-property,2025-06-24T16:32:06.106Z,true,,,newsletter,everyone,What Counts as Property,Clarifying Ownership and Control,
166606301.your-brain-on-chatgpt,2025-06-23T15:49:24.099Z,true,,,newsletter,everyone,Your Brain on ChatGPT,Catalyst or Crutch?,
166538433.sentience-vs-sapience,2025-06-22T17:51:05.427Z,true,,,newsletter,everyone,Sentience vs. Sapience,"Orthogonal Concepts, Necessary Correlation",
166536003.ex-machina,2025-06-22T17:15:32.313Z,true,,,newsletter,everyone,Ex Machina,The Turing Test and Consciousness,
166489779.absurdity-vs-freedom,2025-06-21T22:05:01.474Z,true,,,newsletter,everyone,Absurdity vs. Freedom,What Candyland and quantum mechanics tell us about meaningful choice,
166481863.everetts-demon,2025-06-21T18:51:55.959Z,true,,,newsletter,everyone,Everett's Demon,Why Perfect Knowledge Reveals Multiple Futures,
166481044.quantum-chess,2025-06-21T18:40:34.412Z,true,,,newsletter,everyone,Quantum Chess,How agent choice makes abstract games fundamentally unpredictable,
166439024.evolutionary-rationalism,2025-06-21T00:58:28.871Z,true,,,newsletter,everyone,Evolutionary Rationalism,"Truth as Navigation, Not Destination",
166409545.culture-hierarchies,2025-06-20T16:13:09.650Z,true,,,newsletter,everyone,Culture Hierarchies,Schemas Within Schemas,
166408363.the-faith-of-the-flag,2025-06-20T15:56:31.936Z,true,,,newsletter,everyone,The Faith of the Flag,Understanding Nationalism as a Secular Religion,
166359583.the-boghossian-principle,2025-06-19T22:40:08.451Z,true,,,newsletter,everyone,The Boghossian Principle,Academic Cargo Cults,
166356539.law-and-order,2025-06-19T21:51:29.945Z,true,,,newsletter,everyone,Law and Order,The Hidden Costs Behind Archist Order,
166330539.agi-economics,2025-06-19T15:29:38.623Z,true,,,newsletter,everyone,AGI Economics,Why Ricardo Won't Save Us,
166242984.archists-vs-anarchists,2025-06-18T14:30:29.193Z,true,,,newsletter,everyone,Archists vs. Anarchists,An Axiomatic Divide,
166191913.water-based-ai,2025-06-17T22:24:15.406Z,true,,,newsletter,everyone,Water-Based AI? ,A Critique of Denis Noble’s Biological Chauvinism,
166080146.understanding-culture,2025-06-16T16:02:32.685Z,true,,,newsletter,everyone,Understanding Culture,Schemas vs. Groups,
166074493.war-profiteering-isnt-capitalism,2025-06-16T14:43:58.190Z,true,,,newsletter,everyone,War Profiteering Isn't Capitalism,How Militarism Distorts Genuine Free Markets,
166033482.sapientism,2025-06-16T00:37:02.328Z,true,,,newsletter,everyone,Sapientism,Beyond Humanism in the Age of AGI,
166028334.the-universality-misconception-in,2025-06-15T22:38:52.431Z,true,,,newsletter,everyone,The Universality Misconception in AI,Why Literal Universality Misses the Mark,
166024344.look-where-youre-going,2025-06-15T21:17:30.226Z,true,,,newsletter,everyone,Look Where You're Going,The Hidden Depths of Simple Advice,
166023954.the-highest-good,2025-06-15T21:08:31.840Z,true,,,newsletter,everyone,The Highest Good,Hierarchical Values Under a Conditionalist Lens,
166022218.true-neutral,2025-06-15T20:39:33.666Z,true,,,newsletter,everyone,True Neutral,Navigating the Alignment Grid of Meaningness,
166020698.capitalisms-forbidden-cure,2025-06-15T20:11:32.121Z,true,,,newsletter,everyone,Capitalism’s Forbidden Cure,The myth that markets can't deliver healthcare,
166013336.homo-narrans,2025-06-15T18:03:53.232Z,true,,,newsletter,everyone,Homo Narrans,How Evolution Forged Us into Story-telling Apes,
166012644.flamboyance-and-entropy,2025-06-15T17:50:34.996Z,true,,,newsletter,everyone,Flamboyance and Entropy,What Howard Bloom Gets Right and Wrong,
166002442.quantum-foundations-of-daily-chaos,2025-06-15T14:58:33.890Z,true,,,newsletter,everyone,Quantum Foundations of Daily Chaos,"Why hockey games, conversations, and decisions are genuinely unpredictable",
166000195.randomness-and-determinism,2025-06-15T14:18:36.544Z,true,,,newsletter,everyone,Randomness and Determinism,π versus the Quantum Branching Universe,
165997692.negative-rights-in-conflict,2025-06-15T14:05:33.980Z,true,,,newsletter,everyone,Negative Rights in Conflict,Facing the Practical Limits of Non-Interference,
165967029.against-positive-rights,2025-06-14T22:28:56.140Z,true,,,newsletter,everyone,Against Positive Rights,Why Only Negative Rights Are Ethically Coherent,
165910125.virtual-ancestors,2025-06-14T00:21:43.059Z,true,,,newsletter,everyone,Virtual Ancestors,A Binary Approach to Ancestral Analysis,
165906304.the-case-for-west-asia,2025-06-13T22:51:44.300Z,true,,,newsletter,everyone,The Case for West Asia,A Logical Correction to Historical Bias,
165904190.artificial-intimacy,2025-06-13T22:18:52.092Z,true,,,newsletter,everyone,Artificial Intimacy,Ethical Responsibility in AI-Human Relationships,
165868518.the-three-levels-of-truth,2025-06-13T14:03:28.545Z,true,,,newsletter,everyone,The Three Levels of Truth,"Pragmatism, Correspondence, and Coherence",
165866422.universal-basic-income,2025-06-13T13:36:18.970Z,true,,,newsletter,everyone,Universal Basic Income,Ethical Only if Voluntary,
165822622.the-trinity-and-relational-metaphysics,2025-06-12T21:42:40.045Z,true,,,newsletter,everyone,The Trinity and Relational Metaphysics,Jordan Hall’s Surprising Path from Systems Thinking to Theism,
165822194.aumanns-agreement-theorem,2025-06-12T21:37:30.112Z,true,,,newsletter,everyone,Aumann's Agreement Theorem,Why Rationalists Shouldn’t Agree to Disagree,
165786637.near-future-optimism,2025-06-12T13:31:50.791Z,true,,,newsletter,everyone,Near Future Optimism,Life Expectancy Amid Existential Risks,
165785917.life-expectancy,2025-06-12T13:20:47.772Z,true,,,newsletter,everyone,Life Expectancy,The Ultimate Proxy for Civilizational Level,
165751936.civilization-as-an-evolutionary-process,2025-06-12T00:57:24.950Z,true,,,newsletter,everyone,Civilization as an Evolutionary Process,"Cooperation, Complexity, and Correction",
165751396.resolving-the-paradox-of-tolerance,2025-06-12T00:46:29.372Z,true,,,newsletter,everyone,Resolving the Paradox of Tolerance,A Rationalist’s Guide,
165726066.instinct-for-submission,2025-06-11T18:03:55.090Z,true,,,newsletter,everyone,Instinct For Submission,The Evolutionary Psychology of Authoritarianism,
165721822.liberalism-vs-authoritarianism,2025-06-11T16:58:57.535Z,true,,,newsletter,everyone,Liberalism vs. Authoritarianism,Diametric Opposites or Nuanced Adversaries?,
165721326.the-woke-right,2025-06-11T16:52:15.832Z,true,,,newsletter,everyone,The Woke Right,When Opposition Becomes Imitation,
165708751.when-to-kill-a-project,2025-06-11T14:13:37.868Z,true,,,newsletter,everyone,When To Kill A Project,How Voluntary Support Separates Worthy Goals from Wasteful Ones,
165666289.what-counts-as-a-belief,2025-06-10T22:31:25.573Z,true,,,newsletter,everyone,What Counts as a Belief,"Subjectivity, Action, and Conditional Context",
165665795.credibility-credence-and-coercion,2025-06-10T22:18:34.561Z,true,,,newsletter,everyone,"Credibility, Credence, and Coercion",How Belief Shapes Agency and Threat Perception,
165642623.the-covid-19-lab-leak-hypothesis,2025-06-10T17:00:49.455Z,true,,,newsletter,everyone,The COVID-19 Lab Leak Hypothesis,A Bayesian Examination,
165641748.subjectivism-vs-moral-relativism,2025-06-10T16:50:33.288Z,true,,,newsletter,everyone,Subjectivism vs. Moral Relativism,Clarifying the Difference,
165499243.justice-after-colonization,2025-06-08T22:22:44.120Z,true,,,newsletter,everyone,Justice After Colonization,Ethical Alternatives to Coercive Redistribution,
165498639.the-ethics-of-immigration-vs-colonization,2025-06-08T22:14:44.003Z,true,,,newsletter,everyone,The Ethics of Immigration vs. Colonization,An Alternate Timeline,
165488598.the-paradox-of-classical-liberalism,2025-06-08T19:38:25.541Z,true,,,newsletter,everyone,The Paradox of Classical Liberalism,Why Humanity Rejects the Philosophy That Freed It,
165479695.ai-and-copyright,2025-06-08T16:51:34.475Z,true,,,newsletter,everyone,AI and Copyright,Learning Is Not Copying,
165436315.resolving-the-ai-geopolitical-dilemma,,false,,,newsletter,everyone,,,
165432518.introducing-harberger-insurance,2025-06-07T20:50:37.094Z,true,,,newsletter,everyone,Introducing Harberger Insurance,A Market-Based Solution to Measuring Harm,
165430456.communism-at-home,2025-06-07T20:32:31.726Z,true,,,newsletter,everyone,Communism at Home, Why Trust Doesn't Scale,
165428073.iq-realities-misconceptions-and-moral,2025-06-07T19:38:46.919Z,true,,,newsletter,everyone,"IQ: Realities, Misconceptions, and Moral Confusions",Why IQ Matters—And Why It’s Misunderstood,
165426721.the-fallacy-of-universal-intelligence,2025-06-07T19:32:16.744Z,true,,,newsletter,everyone,The Fallacy of Universal Intelligence,Separating Theoretical Potential from Practical Reality,
165424913.utopian-visions,2025-06-07T18:35:47.375Z,true,,,newsletter,everyone,Utopian Visions,"The absurd, the dangerous, and the misunderstood.",
165419043.forever-adolescents,2025-06-07T16:46:21.564Z,true,,,newsletter,everyone,Forever Adolescents,How Liberal Democracies Keep Us from Growing Up,
165411120.metaphysics-as-concept-creation,2025-06-07T14:28:53.121Z,true,,,newsletter,everyone,Metaphysics as Concept Creation,"Why Metaphysics Invents, Rather Than Discovers",
165410248.observer-class-alignment,2025-06-07T14:11:12.536Z,true,,,newsletter,everyone,Observer Class Alignment,Mechanics of Observation in the QBU,
165387299.the-ethics-of-the-unconceived,2025-06-07T02:09:36.792Z,true,,,newsletter,everyone,The Ethics of the Unconceived,What Embryo Choice Really Means,
165340454.when-plunder-funds-physics,2025-06-06T13:09:09.479Z,true,,,newsletter,everyone,When Plunder Funds Physics,Why Even Science Gets Caught in the Looting Machine,
165301790.modern-monetary-fallacy,2025-06-05T21:22:26.364Z,true,,,newsletter,everyone,Modern Monetary Fallacy,The Dangerous Delusion Behind MMT’s Monetary Promises,
165273153.defending-bayes-part-9-interlude,2025-06-05T14:54:13.118Z,true,,,newsletter,everyone,"Defending Bayes, Part 9 (Interlude)",Clarifying Probability—Measure vs. Credence,
165272096.defending-bayes-part-8,2025-06-05T14:39:27.969Z,true,,,newsletter,everyone,"Defending Bayes, Part 8",Abduction vs. Induction,
165271623.can-markets-provide-national-defense,2025-06-05T14:32:48.487Z,true,,,newsletter,everyone,Can Markets Provide National Defense?,Debunking the Strongest Case for Government,
165264123.the-myth-of-the-collective-will,2025-06-05T12:39:42.505Z,true,,,newsletter,everyone,The Myth of the Collective Will,The Illusion of Shared Values in Large Groups,
165112254.the-myth-of-wealth-hoarding,2025-06-03T17:01:55.490Z,true,,,newsletter,everyone,The Myth of Wealth Hoarding,Debunking the Idea that Extreme Wealth Concentration is Harmful,
165065355.defending-bayes-part-7,2025-06-03T02:57:03.139Z,true,,,newsletter,everyone,"Defending Bayes, Part 7",Why Theories Aren’t Probabilistic (But Our Beliefs Must Be),
165064896.defending-bayes-part-6,2025-06-03T02:42:15.479Z,true,,,newsletter,everyone,"Defending Bayes, Part 6",Credence and Logical Induction,
165063201.yes-we-can-assign-probabilities-to,2025-06-03T02:12:49.383Z,true,,,newsletter,everyone,"Yes, We Can Assign Probabilities to Counterfactuals","Clarifying Causation, Probability, and Counterfactuals in a Quantum Branching Universe",
165040003.the-hidden-power-of-principles,2025-06-02T19:52:46.594Z,true,,,newsletter,everyone,The Hidden Power of Principles,Balancing Short-term Costs with Long-term Strategic Gains,
165023774.the-authoritarian-cycle,2025-06-02T16:42:17.304Z,true,,,newsletter,everyone,The Authoritarian Cycle,Why Principles Evaporate When Power Appears,
164951358.agency-not-equality,2025-06-01T18:13:39.257Z,true,,,newsletter,everyone,"Agency, Not Equality","Rethinking Harm, Justice, and Policy",
164951081.the-myth-of-cultural-threat,2025-06-01T18:06:44.086Z,true,,,newsletter,everyone,The Myth of Cultural Threat,Immigrants aren't the problem unless they destroy agency,
164950264.immigration-restrictions-are-a-form,2025-06-01T17:57:43.724Z,true,,,newsletter,everyone,Immigration Restrictions Are a Form of Harm,Blocking voluntary association reduces agency,
164949734.the-libertarian-illusion-of-equal,2025-06-01T17:48:55.466Z,true,,,newsletter,everyone,The Libertarian Illusion of Equal Opportunity,The coercive price of equal chances,
164949377.why-coercive-redistribution-is-always,2025-06-01T17:39:27.217Z,true,,,newsletter,everyone,Why Coercive Redistribution Is Always Harmful,Coercion can't be justified by compassion,
164947886.inequality-is-not-the-problempoverty,2025-06-01T17:30:23.218Z,true,,,newsletter,everyone,Inequality Is Not the Problem—Poverty Is,"Why harm comes from deprivation, not disparity",
164937702.reasonable-disagreement,2025-06-01T14:32:06.080Z,true,,,newsletter,everyone,Reasonable Disagreement,How Conditionalism Explains Persistent Moral Disputes,
164935709.what-counts-as-harm,2025-06-01T13:55:30.057Z,true,,,newsletter,everyone,What Counts as Harm,A Functional Definition Grounded in Agency and Value,
164911762.what-counts-as-consent,2025-06-01T02:33:56.271Z,true,,,newsletter,everyone,What Counts as Consent,"Clarifying Volition, Coercion, and Agency",
164902314.what-counts-as-coercion,2025-05-31T22:56:21.849Z,true,,,newsletter,everyone,What Counts As Coercion ,A Formal Definition for Political and Moral Analysis,
164901368.rights-are-forged,2025-05-31T22:21:40.313Z,true,,,newsletter,everyone,Rights Are Forged,"On Agency, Coercion, and the Ethics of Boundaries",
164900237.the-myth-of-equal-value,2025-05-31T21:55:43.285Z,true,,,newsletter,everyone,The Myth of Equal Value,A Subjectivist Challenge to Universal Human Value,
164892948.virtues-consequences-and-codes,2025-05-31T19:22:29.759Z,true,,,newsletter,everyone,"Virtues, Consequences, and Codes",Ethics Without Illusions,
164891451.against-cosmic-utility,2025-05-31T18:55:57.547Z,true,,,newsletter,everyone,Against Cosmic Utility,Avoiding The Repugnant Conclusion,
164891095.the-death-of-objective-morality,2025-05-31T18:47:44.325Z,true,,,newsletter,everyone,The Death of Objective Morality,Letting Go of Moral Realism,
164888678.effective-altruism-without-moral,2025-05-31T18:09:00.040Z,true,,,newsletter,everyone,Effective Altruism Without Moral Realism,A Subjectivist Defense of EA,
164884396.the-price-illusion,2025-05-31T16:52:44.040Z,true,,,newsletter,everyone,The Price Illusion,Why Market Prices Are Not Objective Value,
164883871.what-is-money,2025-05-31T16:42:52.581Z,true,,,newsletter,everyone,What Is Money?,Currency Is Literally the Common Denominator,
164882854.opportunity-cost,2025-05-31T16:22:37.235Z,true,,,newsletter,everyone,Opportunity Cost,The Hidden Dimension of Value,
164878445.willing-and-able,2025-05-31T16:19:25.919Z,true,,,newsletter,everyone,Willing and Able,Separating True Value from Desire,
164851202.sacrifice-as-signal,2025-05-31T02:58:43.429Z,true,,,newsletter,everyone,Sacrifice as Signal,The Only Honest Measure of Value,
164847204.the-free-rider-fallacy,2025-05-31T00:59:12.830Z,true,,,newsletter,everyone,The Free Rider Fallacy,Why Coordination Problems Don’t Prove Objective Value,
164846085.the-myth-of-objective-value,2025-05-31T00:35:39.143Z,true,,,newsletter,everyone,The Myth of Objective Value,The Case Against Value Without Agency,
164684907.navigating-moral-realism-with-agent,2025-05-29T20:35:47.335Z,true,,,newsletter,everyone,Navigating Moral Realism with Agent-Binding,From Naked Preferences to Empirical Truths,
164678345.from-sovereignty-to-slavery,2025-05-28T20:55:34.038Z,true,,,newsletter,everyone,From Sovereignty to Slavery,The Spectrum of Taxation and Coercion,
164581001.the-persistent-catalyst,2025-05-27T18:31:22.965Z,true,,,newsletter,everyone,The Persistent Catalyst,How Memory Enhances Dialectic Intelligence,
164572808.do-ideas-move-atoms,2025-05-27T16:23:13.989Z,true,,,newsletter,everyone,Do Ideas Move Atoms?,Clarifying causality across physical and semantic levels,
164447944.policy-on-precedence-and-contradictions,2025-05-26T01:26:33.503Z,true,,,newsletter,everyone,Policy on Precedence and Contradictions,Resolving Apparent Conflicts by Evolving Our Understanding,
164446895.introducing-larpitarianism,2025-05-26T00:58:26.279Z,true,,,newsletter,everyone,Introducing LARPitarianism,"Freedom, Authenticity, and Playful Politics",
164442584.the-dialectic-catalyst,2025-05-25T23:15:52.167Z,true,,,newsletter,everyone,The Dialectic Catalyst,A correction to The Dialectic Agent,
164437547.universal-alignment,2025-05-25T21:31:30.894Z,true,,,newsletter,everyone,Universal Alignment,"AGI Alignment, Existential Risks, and the Universality of Human Values",
164433813.defending-bayes-part-5,2025-05-25T20:23:26.175Z,true,,,newsletter,everyone,"Defending Bayes, Part 5",Credence Beyond Timelines: Four Forms of Uncertainty,
164425191.heads-or-tails,2025-05-25T17:56:20.649Z,true,,,newsletter,everyone,Heads or Tails,How Measure and Credence Evolve in a Coin Flip,
164423784.a-gigaplex-of-parallel-lives,2025-05-25T17:27:26.780Z,true,,,newsletter,everyone,A Gigaplex of Parallel Lives,Identity and Survival in the Quantum Multiverse,
164411286.creativity-as-virtual-evolution,2025-05-25T13:56:09.023Z,true,,,newsletter,everyone,Creativity as Virtual Evolution,How Neural Constraints Amplify Quantum Variation,
164364452.defending-bayes-part-4,2025-05-24T16:53:10.107Z,true,,,newsletter,everyone,"Defending Bayes, Part 4",Clarifying the Foundations of Irreducible Uncertainty,
164275423.sacred-coherence,2025-05-23T23:47:37.257Z,true,,,newsletter,everyone,Sacred Coherence,Elevating Logical Consistency to our Highest Value,
164272915.nonsense,2025-05-23T22:41:30.311Z,true,,,newsletter,everyone,Nonsense,A technical definition,
164271340.the-pattern,2025-05-23T22:06:36.530Z,true,,,newsletter,everyone,The Pattern,Antisemitism as a Perverse Schelling Point,
164270270.defending-bayes-part-3,2025-05-23T21:42:13.133Z,true,,,newsletter,everyone,"Defending Bayes, Part 3",Sharpening the Distinction Between Scientific and Empirical Knowledge,
164130874.defending-bayes-part-2,2025-05-22T02:23:42.850Z,true,,,newsletter,everyone,"Defending Bayes, Part 2",Credence as Timeline Uncertainty,
164038303.qbism-vs-many-worlds,2025-05-20T20:51:02.974Z,true,,,newsletter,everyone,QBism vs. Many Worlds,"Subjectivity, Objectivity, and the Limits of Experimentation",
163921757.defending-bayes,2025-05-19T13:40:44.152Z,true,,,newsletter,everyone,Defending Bayes,Aligning Subjective Beliefs with Objective Quantum Realities,
163805376.intelligence-is-a-game-we-play,2025-05-17T22:27:03.147Z,true,,,newsletter,everyone,Intelligence is a Game We Play,The Strategic Core of Intelligence and Agency,
163797482.evolution-is-all-you-need,2025-05-17T19:23:09.283Z,true,,,newsletter,everyone,Evolution Is All You Need,"Creativity, AI, and Open-Endedness",
163789945.the-starlight-analogy,2025-05-17T16:54:35.239Z,true,,,newsletter,everyone,The Starlight Analogy,Resolving the Occam's Razor Objection to Many-Worlds Interpretation,
163778685.measure-vantage-branchcone-and-counterfactuals,2025-05-17T14:13:27.317Z,true,,,newsletter,everyone,"Measure, Vantage, Branchcone, and Counterfactuals",Clarifying Concepts in the Quantum Branching Universe,
163509485.quantum-agency-in-the-emergent-multiverse,2025-05-13T21:39:12.425Z,true,,,newsletter,everyone,Quantum Agency in the Emergent Multiverse,Integrating Wallace’s Quantum Decision Theory with the Thermodynamics of Agency,
163365017.active-inference-and-the-physics,2025-05-12T02:02:26.771Z,true,,,newsletter,everyone,Active Inference and the Physics of Agency,A Unified Theoretical Approach to Predictive Control and Informational Complexity,
163356868.effective-decision-theory,2025-05-11T22:40:28.690Z,true,,,newsletter,everyone,Effective Decision Theory,Lessons from Physics for Practical Rationality,
163356216.the-three-thermodynamic-laws-of-agency,2025-05-11T22:24:36.333Z,true,,,newsletter,everyone,The Three Thermodynamic Laws of Agency,Comparing with the Classical Laws of Thermodynamics,
163348907.a-rigorous-definition-of-causality,2025-05-11T20:21:24.351Z,true,,,newsletter,everyone,A Rigorous Definition of Causality,Counterfactual Implication in the Quantum Branching Universe,
163293406.making-sense-of-pdoom,2025-05-10T20:07:39.754Z,true,,,newsletter,everyone,Making Sense of P(doom),The Hidden Structure Behind AI Existential Risk Estimates,
163285659.how-quantum-measurement-shapes-cosmic,2025-05-10T17:51:20.965Z,true,,,newsletter,everyone,How Quantum Measurement Shapes Cosmic History,John Wheeler's Remarkable Delayed Choice Experiment,
163283969.objective-vs-subjective-probability,2025-05-10T17:20:11.934Z,true,,,newsletter,everyone,Objective vs. Subjective Probability,Distinguishing Reality from Belief in Quantum Probabilities,
163272667.why-im-an-individualist,2025-05-10T13:35:57.397Z,true,,,newsletter,everyone,Why I'm an Individualist,Comparing Individualism vs. Collectivism,
163210650.introducing-the-dialectic-agent,2025-05-09T14:13:19.984Z,true,,,newsletter,everyone,The Dialectic Agent,AI for Refining and Articulating Ideas,
163099190.the-mechanics-of-agency-maximal-theoretical,2025-05-08T00:48:59.848Z,true,,,newsletter,everyone,The Mechanics of Agency: Maximal Theoretical Agent,Understanding the Extremes of the Agency Spectrum,
162847620.mechanics-of-agency-quantum-decisions,2025-05-04T22:32:18.334Z,true,,,newsletter,everyone,Mechanics of Agency: Quantum Decisions ,A Practical Exploration of Predictive Modeling and Intentionality,
162845671.identifying-branches-in-the-qbu,2025-05-04T21:58:23.507Z,true,,,newsletter,everyone,Identifying Branches in the QBU,Strong vs. Weak Pattern Identifiers,
162844036.the-quantum-branching-universe-qbu,2025-05-04T21:31:35.801Z,true,,,newsletter,everyone,The Quantum Branching Universe (QBU) ,A formal approach to identifying events and timelines in quantum mechanics,
162831503.conditionalism,2025-05-04T17:47:42.846Z,true,,,newsletter,everyone,Conditionalism,The Hidden Conditions Behind Every Truth Claim,
162831172.the-mechanics-of-agency,2025-05-04T17:38:54.992Z,true,,,newsletter,everyone,The Mechanics of Agency,Defining Genuine Agency from Quantum Foundations to Biological Evolution,
162578038.the-physics-of-agency-part-10-the,2025-04-30T23:00:07.781Z,true,,,newsletter,everyone,"The Physics of Agency, Part 10: The Grand Synthesis and Future Directions",Where We Are and Where We Could Go,
162572301.the-physics-of-agency-part-9-challenges,2025-04-30T21:16:15.430Z,true,,,newsletter,everyone,"The Physics of Agency, Part 9: Challenges and FAQs","Facing the Hard Questions About Agency, Control, and the Multiverse",
162571836.the-physics-of-agency-part-8-meaning,2025-04-30T21:08:36.245Z,true,,,newsletter,everyone,"The Physics of Agency, Part 8: Meaning, Ethics, and Evolution Under the Physics of Agency",Living in a Universe Where Agency is Real and Costly,
162571051.the-physics-of-agency-part-7-branching,2025-04-30T20:55:57.226Z,true,,,newsletter,everyone,"The Physics of Agency, Part 7: Branching Realities — Agency in the Multiverse",How Your Actions Shape the Measure of Futures,
162561951.the-physics-of-agency-part-6-the,2025-04-30T18:54:10.422Z,true,,,newsletter,everyone,"The Physics of Agency, Part 6: The Law of Agency Limits — Perfect Control Is Impossible",Why Agency Always Has Limits,
162560090.the-physics-of-agency-part-5-the,2025-04-30T18:28:38.502Z,true,,,newsletter,everyone,"The Physics of Agency, Part 5: The Law of Agency Decay — Entropy Always Wins",Why Agency Is Always Running Out of Time,
162543579.the-physics-of-agency-part-4-the,2025-04-30T15:24:26.770Z,true,,,newsletter,everyone,"The Physics of Agency, Part 4: The Law of Control Work — Agency Costs Energy",Understanding the Thermodynamic Cost of Intentional Control,
162485677.the-physics-of-agency-part-3-the,2025-04-30T14:55:43.380Z,true,,,newsletter,everyone,"The Physics of Agency, Part 3: The Kybit — A New Unit of Control",How to Quantify Intentional Influence on Future Outcomes,
162485540.the-physics-of-agency-part-2-agency,2025-04-29T22:48:29.632Z,true,,,newsletter,everyone,"The Physics of Agency, Part 2: Agency vs Drift – The Thermodynamic Basis of Agency",Understanding Intentionality as a Physical Resistance to Entropy,
162428502.the-physics-of-agency-part-1-the,2025-04-29T20:10:14.649Z,true,,,newsletter,everyone,"The Physics of Agency, Part 1: The Physical Nature of Agency","A Formal Introduction to a New Framework for Agency, Control, and the Multiverse",
74914738.coming-soon,2022-09-25T17:40:53.203Z,true,2022-09-25T17:40:53.203Z,2022-09-25T17:40:53.203Z,newsletter,everyone,Coming soon,,
